W,PARTS ,qty,PRICE,LINKS
,ESP32 WROOM-32 Dev Board, 1 , 20$ , [Robu.in](https://robu.in/product/nodemcu-esp-32s-esp-32e-wifi-serial-wifi-bluetooth/?utm_source=gemini) 
, ESP32-CAM Module, 1 , 26$ , [Robu.in](https://robu.in/product/esp32-cam-wifi-module-bluetooth-with-ov2640-camera-module-2mp/?utm_source=gemini) 
,VL53L0X ToF LiDAR Sensor, 3 , 45$ (15$ EACH)  , [Robu.in](https://www.google.com/search?q=https://robu.in/product/vl53l0x-time-of-flight-tof-laser-ranging-sensor-v2/&utm_source=gemini) 
, I2C OLED Display (White),1,4$ ,Robu.in](https://robu.in/product/1-3-inch-i2c-oled-display-module-4-pin-white/?utm_source=gemini)
,Mechanical Switch / Arcade Button, 1 , 3$ ,https://techtonics.in/product/tactile-push-button-switch-4-pin-6x6x5-pack-of-10/?srsltid=AU7gw4XXY3y8_g0rjquBZp0-cqncJaoAZyUBdjApg2vDsgZ16U3q5UIjovo
,5V 3A Power Adapter, 1 , 5$ , Local Electronics Market 
, LED Strip / Ring Light (6000K), 1 , $4 , Local Electronics Market 
, Aluminum 2020 V-Slot Extrusions, 2m , 20$ , Local Hardware Supplier 
, Clear Polycarbonate/Acrylic Sheets, 1 , 10$, Local Laser-Cutting Shop 
,Custom PCB , 5 , 25$ , [JLCPCB]
," Hardware Kit (T-Nuts, M4 Bolts, Brackets)", 1 , 4$ , Local Hardware Supplier 
